Q,A
"9-1-1, what's your emergency?",I'm at West High School. There's a guy with a gun. West High.
"9-1-1, what's your emergency?","Somebody just broke into my vehicle, man. I'm on Sheridan, 10th and Sheridan. The guys who did it just sped off."
"9-1-1, what's your emergency?","Are you looking, Jenny, do you have a group out on I-4? Yes, we have a few people here just east of the D line. Is the person in the white minivan you?"
"9-1-1, what's your emergency?","Oh, my God. He stabbed me with something."
"9-1-1, what's your emergency?",Police. I'm at the McDonald's on U.S. 1 by the bridge.
"9-1-1, what's your emergency?","Hi, you need to get the police. Just ran over and they said that the young boy just shot his mom."
"9-1-1, what's your emergency?","Hi, this is really calling from Motel 6. I have a gentleman in a room, and when he went to change his room, a bag of pot fell out of his pocket onto the desk in front of me."
"9-1-1, what's your emergency?","650 for Belmore, an auto accident, a car hit a telephone transformer. Belmar Avenue and Merrick Road."
"9-1-1, what's your emergency?","Yes, we do. We have a plane that went down in Munson Park. It went down. It crashed. It's on fire."
"9-1-1, what's your emergency?","I'm here at the police station, Monroe Falls. I killed my sister. I'm turning myself in."
"9-1-1, what's your emergency?",I need an emergency. There's a shooting out on Rock Hill Road at 6th Hill Road. I need police and an ambulance. There's been a shooting. Please hurry.
"9-1-1, what's your emergency?",517 West Doty Street. 517 West Doty Street.
"9-1-1, what's your emergency?","This is 946 West Dallas Street, number 6. EMS please. My husband's eyes are rolling back and he's not breathing right."
"9-1-1, what's your emergency?","Yes, this is a student from Sparks Middle School. This is a student from Sparks Middle School. Can you please send police out here? There's a kid with a gun."
"9-1-1, what's your emergency?","Hi, this is at the Venice airport. We have an aircraft declaring an emergency that's going to land on the beach at Venice, close to the airport. I'm not sure exactly where he is. Yes."
"9-1-1, what's your emergency?",I have a gun range officer that got shot in the head. We're at the last stop on Highway 93.
"9-1-1, what's your emergency?","I have a... Okay. I'm at Wildcat Haven. We've had one of our keepers get attacked. I need an ambulance. I understand, sir."
"9-1-1, what's your emergency?","Hi, I need the police to come to my house right away. My daughter's boyfriend is here."
"9-1-1, what's your emergency?","Units in the area of Newburgh and 264. Still in our police car, on town."
"9-1-1, what's your emergency?","Oh, Good Wine Circle. I need a paramedic right now, please. School-le-road, Good Wine Circle. I cannot give you the exact address right now. I need a paramedic immediately."
"9-1-1, what's your emergency?","It's 515 East Rancho. I have people in my yard and the dogs in my yard from next door. I don't know what’s going on, but there's something happening here. Well, there are a bunch of them yelling about something. I don't know what. I'm going out to see what's going on."
"9-1-1, what's your emergency?","Please send medical. What is it, a medical emergency or something else? There's a bad fight next door. One person is on the ground, and the other just got up."
"9-1-1, what's your emergency?","No, I think someone's in. I'm hearing noise from lights, like, the doors and the windows."
"9-1-1, what's your emergency?",It's 188 and 92 Indian Springs. I just shot my mother and my nephew.
"9-1-1, what's your emergency?","I've got a fire. 2355 South, 1100 West."
"9-1-1, what's your emergency?",Somebody just came into my house. <provide address>
"9-1-1, what's your emergency?","Hello, this is 9-1-1, right? I need help quickly down at 1385 River Road, Greedyville, South Carolina."
"9-1-1, what's your emergency?","Hello, somebody is coming into my house. It's, um, 5908."
"9-1-1, what's your emergency?",Two officers have been shot on 21st and Nelson. We have units coming down to 21st and Nelson. The officer's been shot there.
"9-1-1, what's your emergency?",I think I need an ambulance. I've got a teenager. He's turning purple in his face. I think he's passed out or something. I don't know. He's 16.
"9-1-1, what's your emergency?","Hi, good afternoon. I live on New York Ave in Somerset. My husband just came home and when he opened the door, it smelled like gas outside, like in the streets. Yes, that's right. We didn't know who to call to report this, but you can smell it outside. It’s not in the house yet."
"9-1-1, what's your emergency?","Fort Worth Police, somebody just got my purse out of the car in front. Grabbed my purse out of my car in front of Alpha Depot."
"9-1-1, what's your emergency?","My emergency, um, it's at 3209 Mink Road, Coitner's a P.A. Bucks County."
"9-1-1, what's your emergency?","Hi, this is calling from Captain Doug's Airboat Tour's Everglade City. Our address is 905 DuPont Road."
"9-1-1, what's your emergency?","There's a mention 911. See, I think some people are shooting."
"9-1-1, what's your emergency?",Fire department? My apartment is on fire.
"9-1-1, what's your emergency?",A guy stopped me. Something's wrong with his wife. Something's wrong with his wife. He doesn't speak very good English.
"9-1-1, what's your emergency?","582 North, 500, 8. Roll a cop, roll an ambulance, shots fired. A baby's been hit in the head. Please come now. Please. I need medical help. Baby was shot. Baby shot. Father's trying to shoot himself."
"9-1-1, what's your emergency?","Hi, I'm on Ware Street in Cambridge, and the house number is 17. Sorry, it's 17 Ware Street."
"9-1-1, what's your emergency?","I need an ambulance quickly. We were just sitting talking, my wife yelled Bob, and then she fell on the floor."
"9-1-1, what's your emergency?","Yes, I need the police at 963 East 36th Street. Nine six three East 36th Street."
"9-1-1, what's your emergency?",I just shot my wife. Probably not.
"9-1-1, what's your emergency?","Yeah, hi. I need to get someone to come to 590 Gates Avenue. Yeah."
"9-1-1, what's your emergency?",Hi. My name is Jean Thomas. I'm watching my home on live monitor and there's a black man in my house and he's robbing it. I'm calling from my office and I have a live video monitor and I just...
"9-1-1, what's your emergency?","Shooting in the courthouse, officer down, shooting. Shooting in the courthouse, officer is down."
"9-1-1, what's your emergency?","Hi, I'm calling about my son. I'm on the side of the road. They took him in a car."
"9-1-1, what's your emergency?",Two men have just crossed my fence. They're trying to get into my house. 4202 Marlow Circle.
"9-1-1, what's your emergency?","Yeah, we got a fire down here on Route 7, right here at Abington. Yeah, right down below McCombie's funeral home."
"9-1-1, what's your emergency?","Yeah, I'm turning myself in for my husband. I'm sorry, I'm turning myself in for killing my husband."
"9-1-1, what's your emergency?",He's breaking into my house! I don't know who he is!
"9-1-1, what's your emergency?","Officer, there's an emergency at the Bank of America on Laurel Canyon, north of Kittridge. Yes, we have shots fired at the Bank of America. There are two suspects, heavily armed and wearing body armor."
"9-1-1, what's your emergency?","My friend has been missing since 7 o'clock this morning. She's in the middle of a divorce, and I'm not sure what to do. She supposedly went for a run this morning at 7 o'clock in Lockmere, but no one has heard from her. She was supposed to be at my house at 8, and she never showed up."
"9-1-1, what's your emergency?","I need a policeman in the name of this in my house. Right now. 1807 Elmwood Court, Sugarland, hurry, please."
"9-1-1, what's your emergency?","I've got a woman in my bank pointing a rifle at all of us and all of our customers. I need police now. Oh my God, she's making us go into the vault. I need police here now!"
"9-1-1, what's your emergency?","Oh, please, hurry. This is 19 Windham Court. We've got somebody in the house here with a gun, and he's threatening all three of us. Oh, my God, he's shooting again!"
"9-1-1, what's your emergency?","Hello, 911? Please help me. Somebody's trying to get into my house. They tied my front door and my shed door, and now they're trying to break in through my gate."
"9-1-1, what's your emergency?","Yeah, hi. I have a kind of a particular emergency here. My cat attacked our seven-month-old child, and I kicked the cat in the rear, and it has gone off the edge. We aren't safe around the cat."
"9-1-1, what's your emergency?",I need help. I need some help.
"9-1-1, what's your emergency?","It's about a quarter mile west of Castleton on the railroad tracks. We've got a train that derailed and there's a fire. West of Castleton, near the ethanol plant."
"9-1-1, what's your emergency?","850 Highland Boulevard at the old convent. There's a fire. 850 Highland Boulevard, but they have to come in through Columbia. It's the old convent."
"9-1-1, what's your emergency?","No, Reza, 911. Amber, 150 North Preston."
"9-1-1, what's your emergency?","Yeah, we need somebody at the Center Middle School gym. We have an athlete who is on the court, moaning on his back. Could be dehydrated, could be having a seizure."
"9-1-1, what's your emergency?","I need medical. I'm in UCF, Lake Claire, building 57, third floor, room 311."
"9-1-1, what's your emergency?","Yeah, we deliver papers out on Lakeshore, and we lost contact with two carriers. They were out near M89 and Lakeshore. Yes, we followed their newspapers to the spot where the road is gone, and the water is just rushing up under it. It's bad."
"9-1-1, what's your emergency?","Hi, this is the Angus Police. I have a bear mauling. I'm out on the trail. Yes, we need paramedics. I just reported it to somebody else who's going to be calling 911."
"9-1-1, what's your emergency?","Yeah, hi, I'm on Daniel Street Southeast. I'm at around 68 Daniel Street Southeast. There's been a demolition of a house and there is a woman inside. We need someone to come. The house is being demolished by city order. There's a woman inside the house, we need an ambulance immediately."
"9-1-1, what's your emergency?",Just received a 911 call from a male. I think he just shot someone on his porch.
"9-1-1, what's your emergency?","Yeah, I need an ambulance to 129th, South Reno. There's a guy who stayed with me last night and he's not responding to me. He takes pain pills and he's not responding to me."
"9-1-1, what's your emergency?","Okay, I called before and they came back. I think they are trying to break in. They broke my back door. I'm sorry, I'm trying to calm down."
"9-1-1, what's your emergency?",Do I need an ambulance and a police officer? Yeah. What's that?
"9-1-1, what's your emergency?","Yes, I'm on, uh, southbound Old 23 turning, um, westbound on, uh, Hilton, and I'm behind an Oldsmobile Bravada, license plate CEG 8148, and it's been all over the road. Red."
"9-1-1, what's your emergency?",My name is [Caller]. My husband collapsed on the floor. You need to know my address to get in the door.
"9-1-1, what's your emergency?","Hello, there has been a murder-suicide. There are no survivors. Please send help. My ex-boyfriend broke into my house and killed my current boyfriend and then killed himself."
"9-1-1, what's your emergency?","God, help! Please! Please! Somebody killed my mother! Oh, my God!"
"9-1-1, what's your emergency?","Mom, I'm in the shop right now. I'm going to put my car and it got me in the car. I don't know. They got my car and I'm in the car right now."
"9-1-1, what's your emergency?","Yeah, we're, um, at the corner of 119 and County Road 1. We just saw a plane go down. The corner of 119 and County Road 1."
"9-1-1, what's your emergency?","Okay, and what city is this in? No, it's a house, and we're right on the road, right in front of Gwen Smith's house."
"9-1-1, what's your emergency?",1620 Green Place. Green Place.
"9-1-1, what's your emergency?","This is at 711 Horseshoe Loop. Somebody has been shot. Yes, we are across the road from it. I don't know the exact number."
"9-1-1, what's your emergency?","Brompton down on Walmson. Hey, it's a part on Mavon Street."
"9-1-1, what's your emergency?",I need an ambulance. Oh my God.
"9-1-1, what's your emergency?",I'm going to know what are you going to take? I can't understand you.
"9-1-1, what's your emergency?","There's a suspicious subject in the area, I'm turning on Sharon Drive now. Approximately 5'7"" to 5'10"", looks like a killer build."
"9-1-1, what's your emergency?","I don't know. There's a lady lying out here on the sidewalk. Yes, she's bleeding."
"9-1-1, what's your emergency?",There is a guy with a gun at the Casey's on Ames. The Lincoln Way one.
"9-1-1, what's your emergency?","Hi, my girlfriend just pulled up and there's a guy that pulled up in a truck behind her. We think he has a gun. 914 Stephen Street, Jessup, Iowa. I mean, they're arguing by a truck. We've seen a gun."
"9-1-1, what's your emergency?","Everyone hates emergency? Yeah, can you please send rescue?"
"9-1-1, what's your emergency?","Yes, I'm... My friend, I think he's having a lot of health problems. He's unconscious on the floor now."
"9-1-1, what's your emergency?",I got a man stabbed. Elkona.
"9-1-1, what's your emergency?","I got a report of a shooting. Lehigh Hanson Permanente, 24001 Stevens Creek Boulevard."
"9-1-1, what's your emergency?","Mrs. Plurton, 860 Miller Avenue. I believe there's a robbery in progress, shots fired."
"9-1-1, what's your emergency?","Please, help. We've just been robbed."
"9-1-1, what's your emergency?","My mom had passed out. Yes, my mom."
"9-1-1, what's your emergency?","Yes, ma'am. There's a house on fire on Southeast 27th Street. Yeah."
"9-1-1, what's your emergency?","Hey, my mama fell down. Yeah."
"9-1-1, what's your emergency?","Yes, I think somebody's breaking into my house, please. I'm upstairs, and I can hear them breaking stuff down there."
"9-1-1, what's your emergency?","Hello, sir. We just had a robbery. They took a baby."
"9-1-1, what's your emergency?",This is the policeway. The emergency will borrow? Go on 17.7.7.
"9-1-1, what's your emergency?","I have been kidnapped, and we are being followed. He's going to kill me if they keep following him."
"9-1-1, what's your emergency?","My girlfriend left last night, and she hasn't made it back to the hotel. The Stevens Inn."
"9-1-1, what's your emergency?","1500 East Second Street, Suite 300. We believe there is a shooter. We've heard at least two shots."
"9-1-1, what's your emergency?",What's the address of your emergency? Ma'am.
"9-1-1, what's your emergency?",I need an ambulance. 193 Mockingbird Lane.
"9-1-1, what's your emergency?","Yes, it's an emergency. My husband has been shot. Can you call an ambulance? It's been half an hour."
"9-1-1, what's your emergency?","1675 Airport Road. I've been shot. Kennesaw, Georgia."
"9-1-1, what's your emergency?",I'm the guy that's in pretty big trouble right now. James.
"9-1-1, what's your emergency?","Police. My kids have been missing since 3 o'clock today, my 7-year-old and my 3-year-old."
"9-1-1, what's your emergency?","My wife fell asleep in the bathtub and I think she's dead! It's 5250 Crested Owl Court, Morrow, Ohio."
"9-1-1, what's your emergency?","Hey, uh, my friend is having a seizure. I'm not sure what the address is. I don't live here."
"9-1-1, what's your emergency?","Chairfield, Connecticut, 833 Thompson Hill Road. My wife has handcuffed me. I need assistance right away. My wife has handcuffed me. She's attacking me."
"9-1-1, what's your emergency?","I need someone to come pick me up. I'm actually okay, but the emergency is at 21448, North 34th Drive."
"9-1-1, what's your emergency?","Interior to bucket. Hey, give me a little break on the roof here."
"9-1-1, what's your emergency?","Yes, I can't get the traffic, sir. I'm in the city of La Crescenta, and my accelerator is stuck. I can't stop the vehicle. I have a baby in the car with me."
"9-1-1, what's your emergency?","Yes, ma'am. I am going eastbound on I-10 between LA-30 and LA-44. And there is a car westbound in the eastbound lane."
"9-1-1, what's your emergency?","Hi, um, I'm sorry. There was an accident. A hunter shot a woman in the woods. I'm in Northern, behind Jim Blair's house."
"9-1-1, what's your emergency?","Um, I'm Joan Pearson, and I just killed two people. Uh, Matthew Nagel and, uh, and, uh, um, Mrs. Nagel, I guess."
"9-1-1, what's your emergency?","I don't want to work, son. No."
"9-1-1, what's your emergency?","A woman came into her house screaming that her son had been shot. 1021 Dood Street, Woodville, Cain, Iowa."
"9-1-1, what's your emergency?","I'm at Cracker Barrel. I just informed my husband that I'm leaving him, and we got into an argument. We drove separately, but he refuses to leave the parking lot and keeps circling, waiting for me to leave. He's in a Jeep Liberty. He owns a shotgun, but I didn't see it on him. I did see shotgun shells in his car."
"9-1-1, what's your emergency?","I always get the two or five rights, so I said I'm going to get extra meat this time. But he didn't even, can you get me extra scrim or can you get my money back?"
"9-1-1, what's your emergency?","Communications, Mrs. Graham? This is Allison Ward, the principal at Snipes Academy. We have a dead body right out in front of our school on the grass area, but we're at the Dorothy B. Johnson location. 1100 McCray Street."
"9-1-1, what's your emergency?","Plastic Industries Plant 1 across from Lowe, 1712 Congress Parkway. I've got a burglar."
"9-1-1, what's your emergency?","I have been in the news recently about being in a hotel naked. And I have paparazzi outside my window and I was told by law enforcement that if I did to call 911. Yeah, these guys are sitting in a car outside my house right now. I would like to tell the officer to have them leave because the cops have told me to call 911 if they're outside my house."
"9-1-1, what's your emergency?","Oh, my God. Hello."
"9-1-1, what's your emergency?","Oh, my God. My babies are in there. Oh, my God, I'm so scared."
"9-1-1, what's your emergency?","There's a guy that just tried to get out of his car. He got out of his car, and he tried to get in my truck."
"9-1-1, what's your emergency?","There is a strange man outside our home, and he's hollering and crying out. I don't know what's going on with him. No, it's dark and raining."
"9-1-1, what's your emergency?","Um, I was told to call by my dad to tell where we're at. We are on F28 just getting stop mom. We are just getting onto the old uproad highway six roads."
"9-1-1, what's your emergency?","125 Signal Hill Road. Someone was murdered, I think?"
"9-1-1, what's your emergency?",Go to the bathroom. How did it 9-1-1-1?
"9-1-1, what's your emergency?","Well, my husband's not, I can't seem to wake him up. I'm not sure. He was sleeping really heavily, and I was just laying here, and all of a sudden the breathing kind of, like, stopped, and I came over to try to wake him up, and I can't wake him up."
"9-1-1, what's your emergency?","911, do you have the entire medical police? I don't have an emergency, too. Police officers just left my house just now."
"9-1-1, what's your emergency?","Um, my brother. My brother is drowning."
"9-1-1, what's your emergency?","It's 291 Stevens Drive, apartment 202. He came into my apartment and I shot him."
"9-1-1, what's your emergency?","Coconut Island, there's an emergency. My granddaughter and my daughter are dead."
"9-1-1, where is your emergency?","I'm sorry. Actually, I'm wanted for a crime, and I want to turn myself in. To be honest with you, I don't know what they're calling it. I got drunk and I attacked somebody."
"9-1-1, what's your emergency?","Hi, this is Letitia from the store Big Five on Green Valley. I have a person that is robbing me right now of my firearms. I need police to the store immediately. He is still in the store and he is getting my gun and he is breaking the lock with tools."
"9-1-1, what's your emergency?",Please help me. I'm at County Road 900 North and 600 East. We were building a TV tower and two of my guys fell off. They're dead.
"9-1-1, what's your emergency?","Sheriff's office. Justine says me help you. Hey, who's it?"
"9-1-1, what's your emergency?","Yes, this is North Las Vegas Tower. It looks like we have an aircraft on its way down. Near Simmons and Kerry. We have a crash at Simmons and Kerry."
"9-1-1, what's your emergency?","Need some help in here. Yeah, I need the police and the fire department at Sundrop Bottom."
"9-1-1, what's your emergency?",Fire emergency! Daypoint.
"9-1-1, what's your emergency?",He's been stabbed really bad. It's 318 McCrae Street.
"9-1-1, what's your emergency?","Uh, yeah, man, I'm up in Lex there, and, uh, we were in the road. We saw a guy jump out of a Cadillac. He was tied up."
"9-1-1, what's your emergency?",Good morning. It's an emergency. I think it's an emergency.
"9-1-1, what's your emergency?",There's a fire right here off of Broadway. Broadway and 4th Street. There's a girl that's unconscious.
"9-1-1, what's your emergency?","There's a fire on the north side of the school, near the library. We need an ambulance up here, please. It's at Rappahoe High School, on the north side by the library. There's also heavy smoke in the athletic hallway."
"9-1-1, what's your emergency?","Hey, the address to my emergency, I live at 31 Grand Street, and there's a fire at somebody's house across the street. Yes, 31 Grand Avenue."
"9-1-1, what's your emergency?",My 5... Someone stole a car from my driveway.
"9-1-1, what's your emergency?","My mom, she's crying. I think her stomach is hurting really, really bad. She's 33."
"9-1-1, what's your emergency?","This is an emergency. We're on a hike at Lake Malacca, and my kids are trapped in a snow cave. Lake Malacca. We accessed it from the Jenny Creek Trailhead."
"9-1-1, what's your emergency?","Someone has broken into my house and they're trying to get to me, please come hurry. 1725 South O'Aidst Street."
"9-1-1, what's your emergency?","Yes, emergency please. I'm here right here at Mary. I don't even address. My baby mother, oh God."
"9-1-1, what's your emergency?","It's my neighbor. She said someone was in the back of her house with a gun trying to kill her. She ran over here. 2842 East Mount Tabor Circle, Duluth."
"9-1-1, what's your emergency?","Yes, I have a gun and it went off in an alley. Someone just got shot. I don't even know what happened. Yes, as soon as you can."
"9-1-1, what's your emergency?","Hi, I'm speaking to my boyfriend as he was entering his home and I heard loud screaming and now there's dead air on the other end. 95 West Crescent Ramsey."
"9-1-1, what's your emergency?","Are you there? We have been shot at! Our house is under fire. We have three children, we need someone here now!"
"9-1-1, what's your emergency?","Hold on. Hold on, buddy. Hold on. Hold on. Help him. No. If he sits down, he's going to go into shock, he's got to stand up."
"9-1-1, what's your emergency?","Ma'am, my pickup was stolen. I had to go find it. Please help us. My girlfriend is really freezing out in the cold. We can't get out of here."
"9-1-1, what's your emergency?","Listen here. I'm at Main Street in Colorado Springs, Colorado. Main Street. That is the address."
"9-1-1, what's your emergency?",530 West Humbleweed Road. Gilbert Airs on 8.5.233.
"9-1-1, what's your emergency?","I need an ambulance for two people, somebody's been stabbed. Just come quick to 1035 North Bluebonnet."
"9-1-1, what's your emergency?",My friend's mom got attacked by a bobcat! We're on a dirt road off of Stone Ridge.
"9-1-1, what's your emergency?","Hi, I'm having problems with my 15-year-old son, Sean, at 3845 Westgate Circle in Magna. Yes."
"9-1-1, what's your emergency?","Hi, I wanted to report that a little girl just went into the rapids. Her mom jumped in after her, but they were going down the river pretty fast and everyone's still running after them."
"9-1-1, what's your emergency?","Hey, I need your help. Well, the thing is, I was just flying with my buddy."
"9-1-1, what's your emergency?","Uh, yeah, this is Nero Myers. I work for the school. We, uh, had a, I think a shooting right now at the bus barn down at the high school."
"9-1-1, what's your emergency?","Yeah, there's been a bunch of gunshots in my house, and I think a bunch of people were shot. 2112 East Republican."
"9-1-1, what's your emergency?","Uh, 8011 Hollyway Drive. There's a guy here with a gun."
"9-1-1, what's your emergency?",The paramedics is the address of your emergency. Hello?
"9-1-1, what's your emergency?","Let me want that one. The top, I'm sorry, I'm going to be."
"9-1-1, what's your emergency?","Oh my God, I just witnessed a vehicle accident on the northbound 94 freeway. Right before the Caledonia exit, just south of the 27th Street exit."
"9-1-1, what's your emergency?","Hey, this is James, a pharmacist with the Walgreens on Towersville Road and Cincinnati 8th Road, and we just got robbed. We'll have it all on video camera. Gentleman about 6'2, short hair, white glasses, in gray sweatpants, I think a brown shirt."
"9-1-1, what's your emergency?",Hello? Mike's Blue Drove. We got a bleeder.
"9-1-1, what's your emergency?","Oh, police. I want to tell you what's happening first."
"9-1-1, what's your emergency?","Ma'am, emergency at 5801 Eagle Drive. I don't have a gun."
"9-1-1, what's your emergency?","Somebody just broke into our house. We're all alone, please help us. I don't know."
"9-1-1, what's your emergency?","Counselor, no one here. Comey's Middle School, we have a student with a gun."
"9-1-1, what's your emergency?","Hey, 10, he's running from Argonne, 1522 Argonne running back towards you guys. He was at a house, 1522 Argonne. Unknown location right now. He had his back towards me. Unable to tell if he had a weapon or not."
"9-1-1, what's your emergency?","Yeah, my father is stuck up in the attic. He's 79 years old. He's trying to fix something, but it's really hot up there. He went up about 50 feet. It's just me and my mother here, and we can't get him to come down. Can you please send someone to help?"
"9-1-1, what's your emergency?",1110 Felton Farm Road. Our little boy stopped breathing.
"9-1-1, what's your emergency?","Mary. Car, river. My car is in the river. River."
"9-1-1, what's your emergency?",Sandy Hook School. I think there's somebody shooting in here. Because somebody's got a gun. I saw a glimpse of somebody running down the hallway.
"9-1-1, what's your emergency?","I don't know what happened. I'm down, what do I do?"
"9-1-1, what's your emergency?","Hey, how you doing? I'd like to report a double murder in Cambridge Arms. Yeah, hold on... it's 28C. 28 Cambridge Arms."
"9-1-1, what's your emergency?","Uh, the corner of Sycamore and Bradshaw. A man's on the ground, and I didn't go over and check him."
"9-1-1, what's your emergency?","There's been a gunshot at the Cobb Theater, Movie Theater at Cobb and Wesley Chapel. There was a gunshot. Someone has been shot. It looks like it might have been a pistol."
"9-1-1, what's your emergency?","I'm sorry for calling 911, but I didn't know what number to call. There's a guy at the exit from the beach, near the MacArthur Causeway, completely naked and throwing his clothes all over the highway. Yes, he's on the street on the expressway, holding onto one of the light poles and acting like Tarzan."
"9-1-1, what's your emergency?","There's a woman on my porch, she says she's been shot. Seven McCurry Street."
"9-1-1, what's your emergency?",My girlfriend was raped and I think she's dead. I need someone here now.
"9-1-1, what's your emergency?","Matt? Oh, I'm sorry. I've got the wrong number."
"9-1-1, what's your emergency?","Yes, I've shot somebody on 10th Street, I'm in front of the court. Yes, he ran up on my car."
"9-1-1, what's your emergency?","Hello, is this a place? 911?"
"9-1-1, what's your emergency?","Hi, this is Terry. I live in Mount Prospect, but I need to have somebody go to my brother-in-law's house."
"9-1-1, what's your emergency?","My friend was just hit by a train. Um, I'm not sure. I can see lights, and it looks like an accident. I'm trying to run down there. I think he's dead."
"9-1-1, what's your emergency?",We have a kidnapping. There's a note left and our daughter's gone.
"9-1-1, what's your emergency?","Hi, yeah. I think my roommate just got shot."
"9-1-1, what's your emergency?",I'm at Wetdale Place. W-E-T-D-A-L-E Place.
"9-1-1, what's your emergency?","Hi, ma'am. There's a man lying on the highway. I think he has blood on his arm. I don't know. He's lying face down. I'm kind of afraid to approach him."
"9-1-1, what's your emergency?",I need police. I know there's an Amber Alert on TV for this little boy.
"9-1-1, what's your emergency?",My wife is in the bathroom. She's bleeding all over the place. She thinks she's having a baby. I think so. I think she's in labor.
"9-1-1, what's your emergency?","Hi, there's gunshots. We're all on the floor. We're over on Arlington University right next to Walgreens. We're on 5551, Arlington Road."
"9-1-1, what's your emergency?","Yeah, I've just been bitten by, I think, a red-tail fox up in Red Reef Park. Yeah. I think he's rabid. He came out of the woods crazy."
"9-1-1, what's your emergency?","It's a restaurant. Yeah, let me, I'm, uh, being so, I'm the attention, and I'm, because there's, they're in the box. Like, how, are two? So, four, five, and then that's, discrimination. I go, no, it's a restaurant."
"9-1-1, what's your emergency?","Somebody just came in and shot my daughter and my husband. She's bleeding out. Please, ma'am, she's bleeding."
"9-1-1, what's your emergency?",I don't know. A girl came running to my house just a second ago. She said someone was going to die. About two minutes ago.
"9-1-1, what's your emergency?","Just read sign-o-cordid this, Teresa. Oh, my God, I need help. Oh, my God."
"9-1-1, what's your emergency?",I'm on the freeway between Hurricane and Colorado City. Yes.
"9-1-1, what's your emergency?",Should go out of now. I'll understand you know. 56 Nantucket.
"9-1-1, what's your emergency?","Um, that's, uh, what is this, like 1-10 Grady Avenue. It's behind the Taylor Grady House, at the Town and Gown's theater. A man just walked up and there were several gunshots."
"9-1-1, what's your emergency?","Hi, my name's Mickey. I'm the manager at the McDonald's on Vine Street. There's a woman here; she has a gun."
"9-1-1, what's your emergency?","I live in Lepente, and I think someone's trying to come in. Huh? Cross street."
"9-1-1, what's your emergency?","Yes, I live at 301 South 2nd Street. I've got a gentleman here that says there's been some gunshots fired outside."
"9-1-1, what's your emergency?",Good Enough Avenue. Someone is running around the neighborhood shooting a gun. I don't know. I'm back in my house. I can't tell. I think they're running on foot.
"9-1-1, what's your emergency?","Aventon, I'm in an emergency. Do you need police, fire, or ambulance? I have just smothered my wife."
"9-1-1, where's your emergency?","Well, I'm on 41 going south. I just crossed Chamberlain, and a man pulled up next to me. There was a child screaming in his car. It's a blue Camaro, like from the 90s or early 2000s or something."
"9-1-1, what's your emergency?","Yes. Okay, I live at 201 Rushing Way, Building 1042 in Myrtle Beach."
"9-1-1, what's your emergency?","Yes, ma'am. My name is Special Agent Richard A. Smith, badge number 0931 with the United States Illuminati Order. Right now, I am currently stuck inside the air conditioning unit on top of the Knoxville Museum of Art, downtown at the World's Fair Park."
"9-1-1, what's your emergency?",I'm calling about a friend who lives at 6155 Gray Street. I've been told her boyfriend is assaulting her. Her name is Ashley.
"9-1-1, what's your emergency?",My parents were shot. I'm at 4240-47 Avenue.
"9-1-1, what's your emergency?",Hello. I'm gonna hurt myself.
"9-1-1, what's your emergency?","We're at the Brightleaf flea market. No, I don't know."
"9-1-1, what's your emergency?","We're at the entrance to the airport, south entrance just before the turn. There's a TSA agent that looks like he's having a heart attack or a stroke."
"9-1-1, what's your emergency?",Ronald 911 with the location of the emergency. This is Callow. We're at the Best Western off of 114. Someone has been shot in the neck. They're going to need medical assistance.
"9-1-1, what's your emergency?","Listen, please. Don't hang up and listen to me. I've been taken out of my house at gunpoint. Please, I am on the road. He's got me with my kids."
"9-1-1, what's your emergency?","I don't know what the address is, but it appears to be south of the 118 and Canoga or Topanga, and there's a big plume of black smoke. I believe so. It might be between Canoga and Topanga."
"9-1-1, what's your emergency?",My daughter is choking on a bouncy ball. Yes.
"9-1-1, what's your emergency?","Uh, I mean, it's, I'll use an emergency that the AMS and fire department will probably be involved before death. Okay, do you need an officer?"
"9-1-1, what's your emergency?","There was a shooting involving a black Audi with no plates. The suspect is a black male, 25 to 30, driving at a high speed. It's near Bradley and Magnolia. The suspect in that shooting matches the description."
"9-1-1, what's your emergency?",I need an ambulance to 101 Colony. The man has been stabbed.
"9-1-1, what's your emergency?",I need an ambulance and police. I don't care who. 15612 Spring Hill.
"9-1-1, what's your emergency?",We just got to Shiller Park. We just got to Shiller Park. They just beat up my nephew and stole something.
"9-1-1, what's your emergency?",I'm by the river. The dog jumped in the water and we can't get her out. Oh my God!
"9-1-1, what's your emergency?",Police. Police.
"9-1-1, what's your emergency?","Somebody, please come. Fort Lauderdale."
"9-1-1, what's your emergency?",I need you to please send a fire ambulance. My brother's drunk and he took out a knife. Please come now.
"9-1-1, what's your emergency?",I have a gunshot victim here. He was breaking into the house. I shot him.
"9-1-1, what's your emergency?","Okay, and when you say he's down, what do you mean? She says she's been trying to give him CPR."
"9-1-1, what's your emergency?","Uh, yes, this is Kirby Nicol, the mayor of Capitola. I'm calling for assistance. I'd like to have an officer come to 4850 Emerald Street."
"9-1-1, what's your emergency?","I think we're on I-75. No, I can't see anything. The fog is so dense and we just hit a guardrail. I think there was an accident behind us because I heard it."
"9-1-1, what's your emergency?","Yes, I'm seeing a plane. We just saw a big airliner being escorted by two fighter planes."
"9-1-1, what's your emergency?",I just killed my family. All three of them. All three of me.
"9-1-1, what's your emergency?","There’s been an explosion. I need help! 761 Boylston Street. I see people down, there might be more devices."
"9-1-1, what's your emergency?",I robbed somebody downtown Portland at 9th Point. And I just wanted to let you guys know that I did that. I'm not going to commit suicide. I'm standing on a 10-story high building. I don't want to release that information. I just wanted to let you guys know that it was me.
"9-1-1, what's your emergency?",My wife is dying and the nurses don't want to help her out. She's vomiting blood.
"9-1-1, what's your emergency?","Yes, is this a police station? Yeah, okay, I know this sounds ridiculous, but I'm on 24th Street at a car wash, and I'm stuck inside. I put $5 in, it sprayed a soak on me, and now the doors won't open, and I'm scared to get out of the car."
"9-1-1, what's your emergency?",I need to report a murder. 167 Redstone Drive in Warrington.
"9-1-1, what's your emergency?","Oh my God. I'm on 3rd Avenue by the railroad tracks. Somebody just tried to jump on the train and severed her legs. We're on the west side of the railroad tracks on 3rd Avenue, at Atwood."
"9-1-1, what's your emergency?","Oh my God! Oh my God! Oh my God! My boyfriend, he’s been hurt! He needs an ambulance!"
"9-1-1, what's your emergency?","Hello? Oh, yeah. Are you going to help me? Because I'm bleeding. A lot."
"9-1-1, what's your emergency?","9-1-1, please send fire and medical. Somebody got shot."
"9-1-1, what's your emergency?","Hi, my wife's pregnant and she said she can't make it to the hospital. Okay."
"9-1-1, what's your emergency?","Well, it's not an emergency, but do you know why on one side at the damn drawbridge on 95 traffic can stop for 15 minutes? Yeah, somebody gave me a hard time. I called your number to find out why there's a delay. It's been about 22 minutes on the drawbridge, and I'm in the front car, and I can see something happening on the bridge."
"9-1-1, what's your emergency?",Please help me. I'm Amanda Berry. I need police.
"9-1-1, what's your emergency?","Yes, it's area 617. A child has been left on my doorstep."
"9-1-1, what's your emergency?","Someone was just shot and robbed. Behind the club, Sharky's, the street beside Sharky's."
"9-1-1, what's your emergency?","I've combined it. No, he's... Yes, sir, this is... And I called to all at 24, somebody to come out here. Please, because he'd been called..."
"9-1-1, what's your emergency?","Hi, I am, you know, there's an emergency. Yes, I am on Hough Road."
"9-1-1, what's your emergency?",Come on. Yes.
"9-1-1, what's your emergency?","Yeah, my daughter is not breathing. 5940."
"9-1-1, what's your emergency?","Yes. Well, I'm locked in my car. Yes, in my car."
"9-1-1, what's your emergency?","Yes, excuse me, sir, some helicopters came down. Yes."
"9-1-1, what's your emergency?","There's a shooting going on, local shooting. In the IHOP."
"9-1-1, what's your emergency?","Hey, hey, right now, a man. Yo, there's a guy, there's a guy."
"9-1-1, what's your emergency?","Yes, I'm feeling my bird in the back. It's a house."
"9-1-1, what's your emergency?","Are you out of the house yet? We can't. There's nothing open. If I open the door, it's too much smoke."
"9-1-1, what's your emergency?","A car ran through and ran over about five or six, seven people. A man is laying on the ground, his head is bleeding, and there are two babies on the ground. Ma'am, do you need an ambulance?"
"9-1-1, what's your emergency?","Number one. Listen to me. Okay, and you said she's having a seizure?"
"9-1-1, what's your emergency?","No. Sorry, 763 South, 475 East."
"9-1-1, what's your emergency?","Hi, this is Donna Savings, and we've just been robbed. 10381 South De Anza Boulevard."
"9-1-1, what's your emergency?","Hi, this is being transferred. Yeah, I need a unit here, probably an ambulance. I saw a lady, she was yelling for help. It looked like she had blood all over her."
"9-1-1, what's your emergency?","Can I get a police on Dryden, Park, and Dewey? They just jumped my 13-year-old daughter, and it's about to be all hell."
"9-1-1, what's your emergency?","Hello, hello? Hello, who are you?"
"9-1-1, what's your emergency?","I think we need the police at the Walmart Supercenter in Muskogee. Some guy heard some loud bangs, now he’s got a gun and he's telling people to stay back."
"9-1-1, what's your emergency?","Hi, I have a suicidal teenager at House 503 Nighthawk Drive. I need an ambulance immediately. Excuse me?"
"9-1-1, what's your emergency?","Please, I want, you're on, you know from gas station. Yes."
"9-1-1, what's your emergency?",I just got the police right now. They're here right now.
"9-1-1, what's your emergency?",Fire alarm office. It's a medical emergency.
"9-1-1, what's your emergency?","There's a shooting, I'm at 1331 Bannister Road. We need help. Yes, 1331 Bannister Road, there's a shooter."
"9-1-1, what's your emergency?","I need EMS, don't hang up, sir. No, he's having a seizure."
"9-1-1, what's your emergency?","Yes, I just shot someone in my business. 5931 4th Avenue South, Seattle, Washington at Sharp's Outdoor Power."
"9-1-1, what's your emergency?","Police involved in an accident at I-83 northbound, near the Pepsi sign. I-83 northbound at the Pepsi sign, near Union Avenue."
"9-1-1, what's your emergency?","Um, see, uh, a good thing, man. I got it, uh, you know, I gotta put you on something. Hold on a second. There's a shooting at 242 Lines Avenue. Multiple gunshots. Two people shot."
"9-1-1, what's your emergency?","There's a fire in my apartment building! Yes, I'm on the third floor."
"9-1-1, what's your emergency?","Um, I have someone here that I need to be arrested in my home. Yes, and there's also a possible missing child. I have a three-year-old that's been missing for a month."
"9-1-1, what's your emergency?","I have an emergency. I have three dead people up on top. It's called Haley Flat, up Wolfton."
"9-1-1, what's your emergency?",I like Gunners in South West. I got ran over by the rail cars.
"9-1-1, what's your emergency?","Um, hello, my mom has been shot. Yes, my mom has been shot."
"9-1-1, what's your emergency?","Representative Bogdanov, you're on deck. Representative Domino is here to talk about emergency dispatchers, 911 dispatchers."
"9-1-1, this call is recorded. What's your emergency?","Hello. Okay, sir. What's the address?"
"9-1-1, what's your emergency?","I think someone's trying to break into my home, just off of 56th Avenue. He broke a window, and I'm home alone."
"9-1-1, what's your emergency?",Hi. Something just exploded at the end of Fayette. There's fire.
"9-1-1, what's your emergency?","517 William G. Drive. The K-PAC police chief was having a vehicle pulled across the street, and the residents came out and shot him."
"9-1-1, what's your emergency?","We're being robbed. I've got a guy down. West Point Trail, West Fork. Firefighter Ron Huddleston's house."
"9-1-1, what's your emergency?","Lawrence State here. Yeah, they're in the house now."
"9-1-1, what's your emergency?","Hello. No, I thought it was the telephone number for the Amtis Corporation, and I'm trying to reach them. I don't need emergency."
"9-1-1, what's your emergency?",I need EMS for Officer Matthew. 1038.
"9-1-1, what's your emergency?",We may need an ambulance at the zoo. It's the zoo.
"9-1-1, what's your emergency?","Hey, it's Elbeifery from Valley. We've got a medical, a birth, at 4500 Miles Road."
"9-1-1, what's your emergency?",We're on the boat right now. Our friend just got bit by a shark. A broad and real pier.
"9-1-1, what's your emergency?","I don't know the exact address, but it's near Spartan Avenue. We took a left at the light. I don't know the name of the road."
"9-1-1, what's your emergency?",Is the air clear? 15 Bravo 5. I'm inside Target at the north entrance.
"9-1-1, what's your emergency?","Oh my God, somebody's shooting at the sheriff's department! Yes, in Laypaw County."
"9-1-1, what's your emergency?","I am. I am. Okay, what's the address?"
"9-1-1, what's your emergency?","I just shot my wife. Yes, but can they come without sirens?"
"9-1-1, what's your emergency?","I just called over to my sister's house and my nephew, who is a felon, is causing problems there. My brother-in-law had to take my sister out of the house. I need someone to go there, please. He just hung up on me and called me a bitch. There’s a bunch of drinking going on. My nephew is on house arrest with an ankle bracelet. He ran my sister and her husband out of the house."
"9-1-1, what's your emergency?","I'm calling from the Sheraton, Baltimore North. We have a dead body in one of our rooms."
"9-1-1, what's your emergency?","Yes, I had a guy kicking in my door or trying to kick in my front door. I don't know what his problem was. My wife woke me up and said somebody was trying to kick in the door. I looked out the window and told him to go away. He kept trying to kick the door in. So I opened the door to see what his problem was because he looked kind of drunk and he charged me. I had my firearm. I told him to stop. He took off his shirt and then charged me again so I shot him. Yes, he charged me and went back into my house with my kids here."
"9-1-1, what's your emergency?","This is the county with a transfer. I just see the call over. He's at 1127K Parbour Court. The apartment next door has a fire. 1127K Parbour Court. An apartment building, and one of the apartments is on fire."
"9-1-1, what's your emergency?","This is someone with the transfer for police, fire, or medical. Yes, I need an ambulance. 241 Domerick Drive."
"9-1-1, what's your emergency?","No, somebody just came in and shot my daughter and my husband. Please, she's bleeding out. My daughter is bleeding out."
"9-1-1, what's your emergency?",I think somebody's breaking in the house. We just came home from school and put our pajamas on. We're really scared. My mom's on her way here.
"9-1-1, what's your emergency?",We need an ambulance at 1397 Newport. Correct.
"9-1-1, what's your emergency?","Yes, can I get help from the police department? Can I get some assistance at Walnut Creek Apartments?"
"9-1-1, what's your emergency?",Hello? I'm ready for the police right out.
"9-1-1, what's your emergency?","N-5631 Shaw-Hill Road. Yeah, what's going on there?"
"9-1-1, what's your emergency?","Um, there was just a semi-going down Red Arrow and it had a wheelchair in front of it with a guy in it. Hello."
"9-1-1, what's your emergency?","Yes, ma'am. This is a... Hold on...aids facility. Just a hysterical field. And a gunshot's going on...and a lot in the parking lot area."
"9-1-1, what's your emergency?","Yes, I need some help. There was someone on my back porch, a black man. 3613 Baywood Lane."
"9-1-1, what's your emergency?","I just got back from work from Target. I'm at 338 Thompson Drive, and I found my fiancée on the floor in the kitchen. There's blood everywhere. No, she's not. Please help."
"9-1-1, what's your emergency?","I'm over here. California Highway Patrol. Hey, we've got some shootings over here in Seal Beach."
"9-1-1, what's your emergency?","We need an ambulance. I'm on Highway 100. I don't know. I'm on my way to watch the hospital, but I don't know if I'll make it. I'm trying to get to the next road."
"9-1-1, what's your emergency?","I'm the instructor at the front of a class. I've got three down. I'm not sure if they're all dead, but I'm pretty sure. I had a student that had withdrawn from the program. She came to me earlier looking for help. I sent her to get her transcripts, then she went to someone else's office, and then she came back to my office."
"9-1-1, what's your emergency?",His name is Matt. I guess he knows her. It's Peaches on Cortez.
"9-1-1, what's your emergency?","Yes, ma'am. I think my son's been killed. We're in the Evergreen Trailer Park on Bolson Street, Trailer 81."
"9-1-1, what's your emergency?","3124 North Truewood, number B. There's a gunshot wound to the chest."
"9-1-1, what's your emergency?","Hi. I just saw somebody run into the Compass Bank on Thomas and 34th Avenue with a mask on. Looks like a white, four-door, Scion, or Mitsubishi."
"9-1-1, what's your emergency?","I don't want emergency. The lake and I ride on horses out at Rocky Canyon, north of Eagle Road. Do you know where that is? Do you know where they ride the horse? You go down Eagle Road past Stilwell?"
"9-1-1, what's your emergency?","Yes, my fiancé is going crazy. I think he's going to try to kill himself. I need an ambulance; they're going to have to restrain him. He's not hurting anyone else, but he's screaming that he hates himself and he wants to die, and he's hitting himself in the head."
"9-1-1, what's your emergency?","Well, hi, I'm an emergency. This is Ramigran. I'm at Gracewood Deli. I specifically asked for little turkey and little ham and a lot of cheese and a lot of mayonnaise. And they give me a hard time with him and he stopped by and just..."
"9-1-1, what's your emergency?","Yes, I'm calling. I have a concern for a co-worker. She just called in, sounding very strange, and I asked her where she's being abducted or held hostage, and she was just like, yeah, yeah. She's taking her son to school."
"9-1-1, what's your emergency?","This is the sheriff's office with a transfer. The address is 4037 Northwest Woodston Road, Unit 10B at Oak Tree Village. My boyfriend's outside. He's been stabbed."
"9-1-1, what's your emergency?","Help me, please. There's a fire. Oh, no, it's wrong."
"9-1-1, what's your emergency?","I just killed someone, 100, Route 46. Exactly what I said. I'm armed and dangerous."
"9-1-1, what's your emergency?","Yes, we need an ambulance. We're at Westport Shopping Center, right outside Norton Immediate Care Center. We had somebody that looked like they had heat exhaustion out on our lawn crew, and he's in pretty rough shape right now."
"9-1-1, what's your emergency?","Yes, we need an officer right now. There's a man shooting at this lady. We need a cop. I don't know where we are. Oh my gosh, what street is this called?"
"9-1-1, what's your emergency?","Seizures on Sunset and Larrabee, please come here. It's Sunset and Larrabee. It's the Viper Room."
"9-1-1, what's your emergency?","Yes, I'd like to report a shooting, please. The address is 9063 C Lane, S-E-A, Lane, Southwest."
"9-1-1, what's your emergency?",I'm at Kuro Tower downtown. Kuro Tower downtown.
"9-1-1, what's your emergency?","Yeah, it's 5181-BERRY lane. No, wait, C-I-A-A. Yeah, because the..."
"9-1-1, what's your emergency?","Leopold Way in Pittsburgh. 3309, Leopold Way."
"9-1-1, what's your emergency?","Yeah, I was sleeping and I heard my doorbell ring. Yes."
"9-1-1, what's your emergency?","Um, all your doctors? Because my mom's on the floor, we think, and I can't wake her up. Um, I don't know, but she's not waking up."
"9-1-1, what's your emergency?",There's an armed robbery going on right now. I've been shot in the back and I'm bleeding. Yes.
"9-1-1, what's your emergency?",Get EMT over here. Someone's been shot 1220 Telegraph Avenue.
"9-1-1, what's your emergency?","There's Brian Sessons at 701 Buckford Circle, and he is trying to wrestle his way into my house. He's outside my house, ringing my doorbell."
"9-1-1, what's your emergency?","Yes, this is Danelle Dash. I live over here by Carquest. It sounds like gunshots are being fired."
"9-1-1, what's your emergency?","No, police. I'm calling because I'm at a park and my son is missing."
"9-1-1, what's your emergency?",Somebody just broke into our house. They're trying to break into my bedroom. 3719 North East 64th Avenue.
"9-1-1, what's your emergency?",Hang on. They're okay?
"9-1-1, what's your emergency?","Um, yes, I need an ambulance. Um, I'm on Hardstone, in Rhode."
"9-1-1, what's your emergency?","Listen, we're bleeding really bad. Yes, help, help, help."
"9-1-1, what's your emergency?","Yeah, I need police at, uh... Where the heck am I? 291 Watertown Street immediately. We just had bullets fired. I don't know. Someone out the window."
"9-1-1, what's your emergency?",This is Gifford. Hello? Hello? There's been a shooting at Safeway.
"9-1-1, what's your emergency?","Hello? Hi, I have to report an emergency."
"9-1-1, what's your emergency?","Help me, help me quick. I live on the courtyards. Arlington on the pond and I go into the lake."
"9-1-1, what's your emergency?","My wife fell asleep in the bathtub and I think she's dead. Yes, Morrow, Ohio."
"9-1-1, what's your emergency?","This is Maria Sanchez, 9-1-1 Communications Record Custodian. I have a situation to report from the Miami Beach area. The incident occurred on August 6, 2013, around 5:13:32 AM. It involves a suspect who was last seen running southbound on Collins Avenue from 71st Street."
"9-1-1, what's your emergency?",Huh? 1880 Springview.
"9-1-1, what's your emergency?","Oh, it's 12. Question 12. Eight point zero one two. We got a call. We're evacuating right now."
"9-1-1, what's your emergency?",My brother! Okay.
"9-1-1, what's your emergency?","Um, across from 4709, 40th Avenue. Um, yeah, 4709."
"9-1-1, what's your emergency?","I'm walking in the field. I don't know where I am. Yes, then we started walking."
"9-1-1, what's your emergency?","Um, yes, I'm on North Rice Avenue. There's a man shooting! No, he didn't shoot my grandma's house."
"9-1-1, what's your emergency?",Cushing Police Department. We've got a little boy missing. Have you had any reports on one? Four.
"9-1-1, what's your emergency?","State Patrol, 9-1-1, we are on Minnesota Lake. Our boat has capsized. Fairly."
"9-1-1, what's your emergency?","My dad's trying to assist a police officer, and someone started shooting at them! They're on Russell Farm Road, near the intersection with Copper Mine Road."
"9-1-1, what's your emergency?","Old Bridge, please. There's a shooting. Route 9 and Old Bridge. At the Pathmark."
"9-1-1, what's your emergency?","Fire emergency. My mom is in the bathroom and she can't get up. I have a little sister, a big sister, two big brothers, and my dad, but my dad and big brothers aren't home."
"9-1-1, what's your emergency?","They won't go. Yeah, I kind of do."
"9-1-1, what's your emergency?","We just caught two boys breaking into our car, and we've detained one of them on our porch. Yes, ma'am."
"9-1-1, what's your emergency?","It's our hunting cabin. It's on Panhandle Road across from the pump stations, near Rock Road. I think it's 157. We went to the Quail's Unlimited dinner last night, and a friend of mine looks like he hit his head in the bathroom, and I can't get him to get up."
"9-1-1, what's your emergency?","We're at the McDonald's and there's an issue, I need help. There's a group causing a lot of trouble here, I need someone to come quickly!"
"9-1-1, what's your emergency?","Oh, hello? Yeah, I was trying to find out if I needed to bring, like, any checkstubs or a letter from the school, you know, saying that I'll be subbing or whatever."
"9-1-1, what's your emergency?",I'm trapped on the backside of a forest fire. I need help. I don't know exactly. I'm in a clear cut area right near the fire.
"9-1-1, what's your emergency?","Oh my God, there's a dead man in a car on Forest Circle! I don't know exactly. I just found him, please hurry!"
"9-1-1, what's your emergency?",My house. 152 River Creek Lane.
"9-1-1, what's your emergency?","Hello, ma'am. My name is Jarius Jackson. I'm calling on behalf of my mother. She's on the phone right now. I'm in another country, Canada. She's at my home in Texas at 2711 Driftwood Drive, and she was a witness of a kidnapping tonight."
"9-1-1, what's your emergency?","The address is 1680 Ray Road. We have a baby missing out of her crib. No, ma'am."
"9-1-1, what's your emergency?",I have a little girl who fell in the pool and I think she's unconscious right now. It's 886 East Florida Avenue.
"9-1-1, what's your emergency?","Somebody from the Capital One bank called saying there's a bag in the bank, and she said, 'I gotta go, I gotta go,' and hung up the phone. Yes, there’s a robbery in progress. The subject is in the back of the bank."
"9-1-1, what's your emergency?",Hi. Hello?
"9-1-1, what's your emergency?","Uh, yeah, I need an ambulance at 233 Pat Lane. Yeah, man, I don't know what this kid has done, and she's like going into a seizure or something."
"9-1-1, what's your emergency?",Hornet Drive. Medical and police.
"9-1-1, what's your emergency?","Yes, this is Oz County Utilities Emergency Dispatch. We found a human skull."
"9-1-1, what's your emergency?",I'm calling from 1109 East Alameda. There's been a shooting. I just shot a man who was attacking me. He's down and hurt bad.
"9-1-1, what's your emergency?",What city is your emergency? South 1180 West.
"9-1-1, what's your emergency?",My neighbor's house is burning down at 312 Washington Avenue. I don't know. I'm finding out right now.
"9-1-1, what's your emergency?","Building fire. Residential fire at 3722 Caracas Court. Yes, 3722 Caracas Court, cross street of Cornwood, beat 803."
"9-1-1, what's your emergency?","Yes, we're at a pool and I have a little girl that says she's drowning. She's not breathing. Yes."
"9-1-1, what's your emergency?","Hi, my name is Gioravar and I'm at Plaza and I-35 Travel Plaza because they were trying to kill me. No, but I know they're going to follow me, because they tried to follow me."
"9-1-1, what's your emergency?","Randy Willis's package store on Highway 10 West. I live right behind him, and his burglar alarm went off. I called down there because I saw him just get in the store, and I saw somebody run behind the store. I think somebody's in there with him now."
"9-1-1, what's your emergency?","Yeah, this is an emergency. I'm a cab driver. This guy said his friend died on the road, but I don't see him. We're at Rosedale Park. Yes. He's crying and saying his friend died here, but I don't see anything."
"9-1-1, what's your emergency?",We have a pursuit. Taking a left on Pacheco from St. Michael's.
"9-1-1, what's your emergency?",There's somebody trying to get into my house. I have my gun out. They're at the front door!
"9-1-1, what's your emergency?",Somebody just shot a police officer! He's right in front of 14th Street behind the shopping center.
"9-1-1, what's your emergency?",On Farragut. I'm following a vehicle northbound passing Bowman. It's a black sedan. The driver might be Sergio Munoz.
"9-1-1, what's your emergency?","Hi, I need somebody escorted out of my store right away. He's causing problems. Yeah, he's fighting with somebody right now."
"9-1-1, what's your emergency?","Hi. I'm kind of scared. There's a man knocking on my windows and trying to get into my house. Tamarack, Florida."
"9-1-1, what's your emergency?","Uh, burglars are breaking into a house next door. 7418. Not my address, but next door, okay?"
"9-1-1, what's your emergency?","I don't know. I'm going to be... B...B...Bhopi. B...B...B... But if you will leave your name and number, I will be glad to get back with you. Thank you."
"9-1-1, what's your emergency?","Hello, we just got a call that somebody had shot somebody in a house on Moses. Somebody shot three people in the house on Moses, and we just came over here knocking because we know them."
"9-1-1, what's your emergency?","No, no, no, no, no, no, no, no, keep going to, no. What's your address?"
"9-1-1, what's your emergency?",Somebody just stabbed my baby. Please get here. Stabbed my baby.
"9-1-1, what's your emergency?","Hi, um, I think I may have found possibly a body in a trash bag. And then there's a girl missing from Ohio."
"9-1-1, what's your emergency?","We have reports of a fight and potential gunshots at 7512 South Howell Avenue. A bald male with glasses may have shot someone. I didn't see the shooter, but people are saying there's a man with a gun."
"9-1-1, what's your emergency?","Hey, this is HPD. We got a pursuit going on. It's heading towards us."
"9-1-1, what's your emergency?",There's a fire in the center of Lake Megantic. It's on Laval Road.
"9-1-1, what's your emergency?",We're in a plane that's landing in the Hudson River. Two aboard.
"9-1-1, what's your emergency?","Hi, I need someone at 15012 Spring Street. Union Grove. I need an ambulance. I have a boy that was underwater and he's not breathing."
"9-1-1, what's your emergency?","Hello, yeah. He's going down Central Parkway with my baby."
"9-1-1, what's your emergency?","Do you need police or paramedic? No, I want to report a drug overdose."
"9-1-1, what's your emergency?","Hey, um, they just broke into my house. They had guns. They told us to just stay on the floor. I was with my uncle and my little brother and sister."
"9-1-1, what's your emergency?",Emergency dispatcher. What's the matter?
"9-1-1, what's your emergency?","Hi, we're on the Great Salt Lake, and our boat has tipped over. We're near the Saltair Marina, a little northwest of it."
"9-1-1, what's your emergency?",I want emergency what he were fighting. Hello. I can't take it out.
"9-1-1, what's your emergency?","I'm sorry, what? In Palm Desert? Okay, okay, I'm sorry, I'm sorry."
"9-1-1, you need police, fire, or medical?","I mean, you know what happened? I'm sorry. I'm sorry. There's a situation here. We have residents that, I think, they stole a car, and there's a man in the bathroom right now."
"9-1-1, what's your emergency?",We just witnessed a shooting on 3rd Avenue and Nickerson. Yes.
"9-1-1, what's your emergency?","I'm at 6969 East Main. My son just shot his wife, two houses to the south of me. That's what I'm telling you."
"9-1-1, what's your emergency?","Police, please. 51 Redwood Drive in North York."
"9-1-1, what's your emergency?",Hello? Hello?
"9-1-1, what's your emergency?","There's an emergency at Fairway off of Beechville, 30188. Yes, ma'am."
"9-1-1, what's your emergency?","Yes, sir, I need a police car right now at night. 504 Gay Street."
"9-1-1, what's your emergency?","Yes, ma'am. I'm at a school on 2nd Avenue, and there’s a gentleman here saying the police are coming and he's going to start shooting. I'm in the front office."
"9-1-1, what's your emergency?","Hey Amelia, this is Todd. How you doing? Hey, can you send someone by Hawkins that runs between Lynn and Post, over in Zone 2?"
"9-1-1, what's your emergency?",The baby's not breathing. 1280 Highland Avenue.
"9-1-1, what's your emergency?","Hello. We're at the Nelson Building and there's a man here with a gun who came into the board meeting. Yes, on Balboa, 1311 Balboa."
"9-1-1, what's your emergency?","Hi there. Um, I'd like to report something. Um, I took some pills and the pills made me go mad and I murdered my roommate."
"9-1-1, what's your emergency?",There's a black male yelling at me to turn off an alarm. I'm on Harrison and Albemarle.
"9-1-1, what's your emergency?","I'm out here right now, and I locked my keys in my car. Is there any way that someone can come out here and unlock my car?"
"9-1-1, what's your emergency?","Somebody broke into our house. Um, last night, and I don't know who it was, but they killed everybody here except for my sister, my brother, and me. Matthew Peek."
"9-1-1, where is your emergency?","4,900 down the street. 4,900 Comfrey."
"9-1-1, what's your emergency?","A plane crashed in Marshfield, on 17th in Lincoln, in houses. Right in the backyard at 17th and Devine."
"9-1-1, what's your emergency?","Yes, we need someone out at Glenwood Gardens as soon as possible. There's a lady that looks like she fainted or had a heart problem. What's the address here? Do you know the address?"
"9-1-1, what's your emergency?","I'm somewhere on North Hicks, and I fell through a drain cover. Yeah."
"9-1-1, what's your emergency?",My home! 340 Doyle. Town Borough.
"9-1-1, what's your emergency?","We have shots fired at Seven Oaks Cabin. We have an officer down. I repeat, officer down."
"9-1-1, what's your emergency?","Yes, I have a 3-year-old who's not breathing. 16097 North Waldrop Avenue, Gardendale."
"9-1-1, what's your emergency?","Hey, I'm at the Westfield shopping mall, Annapolis. And I see some activity going on in the car, and I don't think it's proper."
"9-1-1, what's your emergency?","Uh, 5001, there's a man with a gun. Uh, Camden Road."
"9-1-1, what's your emergency?",Oh! Oh my God. I'm out at the beach right now. We just got struck by lightning!
"9-1-1, what's your emergency?","Hey, we're at 7420 South Howell, and some guy is shooting a gun at the temple. Yes, he's inside."
"9-1-1, what's your emergency?","Moving to the basement, 131 Front Street between Main and North. Unsure at this time if anyone is injured."
"9-1-1, what's your emergency?","Shots fired. Officer down. Officer down. 6,004 Rachel Court."
"9-1-1, what's your emergency?",She'll be on the floor. Okay.
"9-1-1, what's your emergency?",Hello? There's an emergency. This is the BlocoBank at 1302 West International Speedway Boulevard.
"9-1-1, what's your emergency?","Hey, hey, I need a sheriff. The corner of Reef and Weimus."
"9-1-1, what's your emergency?","Yes, ma'am. I believe I may have a possible heroin overdose. Yes, ma'am."
"9-1-1, what's your emergency?",I shot my husband. Watch my drive.
"9-1-1, what's your emergency?",There's a dead man at the park at 31st Avenue in Belmont. Yes. At the west end of the park.
"9-1-1, what's your emergency?","I don't know, please help me. I love me. I just don't know where we are."
"9-1-1, what's your emergency?","Hi, I'm calling because I'm on my way to work going northbound on Redwood Road. Right around just a little south of the Harvest Hills area on the west side of Redwood, I saw a man walking with a samurai sword."
"9-1-1, what's your emergency?","Yes, ma'am. I just shot my daughter and shot all my grandkids, and I'll be sitting on my step, and when you get here, I'm going to shoot myself. 2550 Northwest, 25th, 25 Paris, downstairs. Every one of them are dead."
"9-1-1, what's your emergency?","Yes, my name is Andrew Komkoski. I'm CEO of the Chief Financial Credit Union headquartered in Berlin. I just received a call a few minutes ago from one of our VPs who states that he's a victim of a home invasion overnight. His mom, who resides with him, is strapped to a bomb as well as him. He's instructing me to evacuate our branch in New Britain because one of the perpetrators is going to accompany him to collect cash. And I have no reason not to believe what he's saying or how he feels."
"9-1-1, what's your emergency?",He's here now. He's in the house. 26.
"9-1-1, what's your emergency?","Yes, shots fired at St. James Catholic Church on Harrison. Yes, I did."
"9-1-1, what's your emergency?","I'm sitting in the park at West Boulevard by the West Boulevard Rapid Transportation Station. There's a guy here with a pistol. It’s probably fake, but he's pointing it at everybody. I'm sitting in the park at West Boulevard by the West Boulevard Rapid Transit Station."
"9-1-1, what's your emergency?","Hi, I apologize for this because I just called your number and it says that the desk is closed so to reach a police officer, I had to call 911. I would like for a police officer to give me a call."
"9-1-1, what's your emergency?",Hello. I need help. My dad is hurt.
"9-1-1, what's your emergency?","Listen, I cannot understand you. I shot oxygen. I go in the water."
"9-1-1, what's your emergency?","We have a signal 14, possible signal 20F, headed to East University from Cassadaga. It's an extended cab white Chevy with a ladder sticking out of the back. The driver is Brian Lankford, wearing camo clothing."
"9-1-1, what's your emergency?","My boyfriend is not moving and he's bleeding from under his armpit. 5520 Beaver Crest Drive, apartment 10."
"9-1-1, what's your emergency?",I haven't got a hospital. At the hospital.
"9-1-1, what's your emergency?","Yeah, I just... I just committed a father's worst sin."
"9-1-1, what's your emergency?","Please, send the police! He killed my friends!"
"9-1-1, what's your emergency?","Hi, 1313 Esther Drive, Boulder City, Nevada. 259-899-7979."
"9-1-1, what's your emergency?","I'm up here at McDonald's, and I had ordered like seven burgers. I went to my vehicle, and when I came back, they took a burger from me."
"9-1-1, what's your emergency?",Hello? My dad and my uncle just got shot. They came in and then they left. Someone tried to catch them. They really shot him.
"9-1-1, what's your emergency?","A plane has just crashed into the Hudson River. U.S. Air, Big D.C. 9 or 10 has crashed into the Hudson River."
"9-1-1, what's your emergency?","750 South, 650 West, apartment 154. Yes."
"9-1-1, what's your emergency?",Please come down here. I don't know the address.
"9-1-1, what's your emergency?",They're pulling this road over here. There's piles and piles of stuff everywhere. It's all over the road. It's a huge mess.
"9-1-1, what's your emergency?","There's an emergency at Northwest 6th Avenue and 8th Street. Yes, 6th Avenue and 8th Street."
"9-1-1, what's your emergency?","There's somebody, there's a guy, and I'm home alone, and he's banging on my door. Please, I need somebody here, quick. West 79th Street."
"9-1-1, what's your emergency?","My Uncle Javis is slitting his neck and his girlfriend's neck, and I have kids here. My Uncle Javis is slitting his neck in front of my kids."
"9-1-1, what's your emergency?","I met Roosevelt in 59. The cafe races, there's been a shooting. Somebody came in and shot a bunch of people. I'm hiding in the bathroom. We need help right away."
"9-1-1, what's your emergency?","455 East 300 South. 455 East 300 South, Salem."
"9-1-1, what's your emergency?","We're in here. Yes, we're at Macy's in the town center. We think we have a shooter in the store."
"9-1-1, what's your emergency?",Help! We need help. My husband just shot my son.
"9-1-1, what's your emergency?","Hi, a gentleman was just talking to you about someone that's broken into my house and he can't find his brother. Yes, this is..."
"9-1-1, what's your emergency?","No, I don't know what emergency do you need... Yes, please, please."
"9-1-1, what's your emergency?",Any kind of sheriff's going to help you? I've been shot.
"9-1-1, what's your emergency?","Yes, an airplane just went down. I think the townhouse is across from P.W. Perry and Flyar Hill, right off of Schoffer School Road."
"9-1-1, what's your emergency?","I have a friend who's been drinking. He's now loading several weapons and about to go to his girlfriend's house. He is armed and dangerous. He's got a pistol, a shotgun, and a rifle I know of."
"9-1-1, what's your emergency?","My brother is having a breakdown in open. My brother, yes."
"9-1-1, what's your emergency?",I've been shot. Please get an officer to 6701 Northwest 7th Avenue. Miami Police.
"9-1-1, what's your emergency?","Water here. Hello, I'm floating down the river in my car."
"9-1-1, what's your emergency?","Hi, my name is Maria. I'm calling because my teacher, Mr. Haynes, he's throwing things and knocked over the table and screaming at us like he's going crazy. In Selby Lane School in Redwood City."
"9-1-1, what's your emergency?","We have an emergency here. I just got burned by gasoline, please, hurry up."
"9-1-1, what's your emergency?","My girlfriend, she's not breathing! My name is Thomas. Please have the ambulance stop."
"9-1-1, what's your emergency?","It's Braybrook, that's B-R-A-Y, B-R-O-O-K-E, Place. Fayetteville, North Carolina, 28314. It's Braybrook Place, B-R-A-Y, B-R-O-O-K-E, Place, Fayetteville, North Carolina, 28314."
"9-1-1, what's your emergency?","I don't really know where I'm at. But one of my customers just got robbed and he got shot. Yeah, I'm on 62. It's Morris Avenue, or Morris Street."
"9-1-1, what's your emergency?",We've been robbed. We've been beaten. I'm bleeding. Seven hundred.
"9-1-1, what's your emergency?",Everybody's been stopped. We're at the Rainier Lighting and Electric Supply Building. Off Pacific Avenue.
"9-1-1, what's your emergency?","Yes, it is. I'm on 29, heading back towards Fosters, and I just saw a car driving down the wrong lane. Yes, but I've turned around to catch up with him and see what's going on."
"9-1-1, what's your emergency?",Hurry up! Call 911. Here. I knew the ammo around.
"911, what's your emergency?","Hi, I'm reporting an airplane crash at SFO. Yeah, we were hiking on a trail outside of Pacifica, and we just heard a giant explosion. We're with a couple other hikers, and they saw that an airplane had crashed right there at SFO."
"9-1-1, what's your emergency?","We heard a noise and looked in. The garage door was up. I thought the gentleman was backing out. I went back to my house, but he never backed out. I came back over, and his driver's side window is shattered, and he's injured and can't answer. I'm calling from [caller provides phone number]."
"9-1-1, what's your emergency?","Yes, I've been attacked by a man in the woods while I was hunting. Please send the police to my location immediately. I cannot stay on the phone. I have to cover him. Please send the police immediately."
"9-1-1, what's your emergency?","Oh, yes. I need an officer at 2007 Callison Highway. Oh, I'm just stressed out, and I'm about to take my life."
"9-1-1, what's your emergency?","We are at the corner of Riley Thompson and Automobile Road. There's a lady lying in the road. I think she was hit by a car. Yes, on Automobile Road, near 4300 Automobile."
"9-1-1, what's your emergency?","Yes, I need an ambulance immediately at 18 Victoria Circle. We have a gunshot wound, accidental, in the household."
"9-1-1, what's your emergency?","We're having a baby, and we're in Boulder Creek. We need to get to Sutter. My girlfriend's going into labor, her contractions are three to five minutes apart, or a little bit closer."
"9-1-1, what's your emergency?",Somebody was trying to rob us. She's outside right now.
"9-1-1, what's your emergency?","Please, my brother, he was playing with this gun, and he was pointing it at himself. He shot himself! I’m so scared, I’m so scared. It's 1123 Ujama Drive."
"9-1-1, what's your emergency?","Brooke, 911, my husband's having a heart attack. Okay."
"9-1-1, what's your emergency?","Help, this guy's chasing me down. South Beverly Grove."
"9-1-1, what's your emergency?",We had several police officers here earlier and did a report. They told him to stay away from the house and said to call 911 if he came back.
"9-1-1, what's your emergency?","Yes, ma'am, could you send the police and an ambulance to Main Street Grill, please? Main Street Grill."
"9-1-1, what's your emergency?",Help me. Help me. My son is missing. I'm going crazy.
"9-1-1, what's your emergency?","Can you send a cop over here to my house? Hurry up, because this is a blightly. He came to knock it on my door earlier, and he left, and now he's back out there again to stare at my back door. I'm so scared. Please, hurry."
"9-1-1, what's your emergency?","911, please, fire ambulance. Uh, police. This is Dale Ford. Fast record 211 North 7th. I've called a burglar in my shop."
"9-1-1, what's your emergency?","Hey, can you get an ambulance and a cop over to 59 Alderwood Drive? Alderwood. A-L-D-E-R-W-O-O-D. She just attacked me with a knife, and I had to shoot her."
"9-1-1, what's your emergency?",Now we want a margin to do. What are you reporting? He was tied up by Dorman.
"9-1-1, what's your emergency?","Can you hear me? Can you hear me? Okay, 25 Arch Street, apartment four. You know what I'm talking about?"
